source;target
len-beam;prismatic
len-beam;froude
len-beam;cent-boy
len-beam;len-disp
len-beam;beam-draught
len-beam;res-resist
prismatic;len-beam
prismatic;froude
prismatic;cent-boy
prismatic;len-disp
prismatic;beam-draught
prismatic;res-resist
froude;len-beam
froude;prismatic
froude;cent-boy
froude;len-disp
froude;beam-draught
froude;res-resist
cent-boy;len-disp
cent-boy;beam-draught
cent-boy;res-resist
len-disp;cent-boy
len-disp;beam-draught
len-disp;res-resist
beam-draught;cent-boy
beam-draught;len-disp
beam-draught;res-resist