source;target
Apache/2;mobile_user_agent
Microsoft-IIS;mobile_user_agent
nginx;mobile_user_agent
other;mobile_user_agent
other Apache;mobile_user_agent
unknown;mobile_user_agent
Apache/2;compression
Microsoft-IIS;compression
nginx;compression
other;compression
other Apache;compression
unknown;compression
Apache/2;proxy
Microsoft-IIS;proxy
nginx;proxy
other;proxy
other Apache;proxy
unknown;proxy
mobile_user_agent;html_attrs
mobile_user_agent;html_tags
mobile_user_agent;decompressed_content_length
mobile_user_agent;raw_content_length
compression;html_attrs
compression;raw_content_length
compression;elapsed
proxy;elapsed