source;target
modelyear;origin
modelyear;weight
modelyear;cylinders
modelyear;displacement
modelyear;horsepower
modelyear;acceleration
modelyear;mpg
origin;modelyear
origin;weight
origin;cylinders
origin;displacement
origin;horsepower
origin;acceleration
origin;mpg
weight;modelyear
weight;origin
weight;cylinders
weight;displacement
weight;horsepower
weight;acceleration
weight;mpg
cylinders;displacement
cylinders;horsepower
cylinders;acceleration
cylinders;mpg
displacement;horsepower
displacement;acceleration
displacement;mpg
horsepower;acceleration
horsepower;mpg
acceleration;mpg
mpg;acceleration